tmdb_id,movie_title,genre,image_type,image_idx,url,local_path
575264,Mission: Impossible - Dead Reckoning Part One,action,poster,0,https://image.tmdb.org/t/p/w500/NNxYkU70HPurnNCSiCjYAmacwm.jpg,data\posters\action\575264_p0.jpg
575264,Mission: Impossible - Dead Reckoning Part One,action,poster,1,https://image.tmdb.org/t/p/w500/83sGKvCv2T2CulYbd40Aeduc7n2.jpg,data\posters\action\575264_p1.jpg
575264,Mission: Impossible - Dead Reckoning Part One,action,poster,2,https://image.tmdb.org/t/p/w500/yjhpAk25aSBf6vhgfCcgEEC9JI4.jpg,data\posters\action\575264_p2.jpg
575264,Mission: Impossible - Dead Reckoning Part One,action,poster,3,https://image.tmdb.org/t/p/w500/nrQiVtkneYx9doR1ARG6HDrImpv.jpg,data\posters\action\575264_p3.jpg
575264,Mission: Impossible - Dead Reckoning Part One,action,poster,4,https://image.tmdb.org/t/p/w500/xFBCxmzpC6iMNKR4BWAbdS8R5CO.jpg,data\posters\action\575264_p4.jpg
575264,Mission: Impossible - Dead Reckoning Part One,action,poster,5,https://image.tmdb.org/t/p/w500/bAZFkReuav0fyCVmWXBeUB93nAe.jpg,data\posters\action\575264_p5.jpg
575264,Mission: Impossible - Dead Reckoning Part One,action,poster,6,https://image.tmdb.org/t/p/w500/JLE97xzfC4gVrB0W0lswXAqRqX.jpg,data\posters\action\575264_p6.jpg
575264,Mission: Impossible - Dead Reckoning Part One,action,poster,7,https://image.tmdb.org/t/p/w500/pZCa8WgnP0AgVHsFjvuUDhcNjOJ.jpg,data\posters\action\575264_p7.jpg
575264,Mission: Impossible - Dead Reckoning Part One,action,backdrop,0,https://image.tmdb.org/t/p/w500/628Dep6AxEtDxjZoGP78TsOxYbK.jpg,data\posters\action\575264_b0.jpg
575264,Mission: Impossible - Dead Reckoning Part One,action,backdrop,1,https://image.tmdb.org/t/p/w500/TFTfzrkX8L7bAKUcch6qLmjpLu.jpg,data\posters\action\575264_b1.jpg
575264,Mission: Impossible - Dead Reckoning Part One,action,backdrop,2,https://image.tmdb.org/t/p/w500/7D15YH9zk4vR9FFoUeVkFJiVDlu.jpg,data\posters\action\575264_b2.jpg
575264,Mission: Impossible - Dead Reckoning Part One,action,backdrop,3,https://image.tmdb.org/t/p/w500/bYJv39whWTAOWO0mv7oUija8GgM.jpg,data\posters\action\575264_b3.jpg
603692,John Wick: Chapter 4,action,poster,0,https://image.tmdb.org/t/p/w500/mj2Z9HnRSIEk3n7yVPoOY4Uzzfh.jpg,data\posters\action\603692_p0.jpg
603692,John Wick: Chapter 4,action,poster,1,https://image.tmdb.org/t/p/w500/6jS780bEkQRPLEPWvZ0MGQ0EI4j.jpg,data\posters\action\603692_p1.jpg
603692,John Wick: Chapter 4,action,poster,2,https://image.tmdb.org/t/p/w500/vZloFAK7NmvMGKE7VkF5UHaz0I.jpg,data\posters\action\603692_p2.jpg
603692,John Wick: Chapter 4,action,poster,3,https://image.tmdb.org/t/p/w500/n1YTIyhAqqqFyDGFTzV7WaU1JfK.jpg,data\posters\action\603692_p3.jpg
603692,John Wick: Chapter 4,action,poster,4,https://image.tmdb.org/t/p/w500/uzHPb0rITwa44KkhX5Z27cXwmL1.jpg,data\posters\action\603692_p4.jpg
603692,John Wick: Chapter 4,action,poster,5,https://image.tmdb.org/t/p/w500/dHQEM7aqsvBQnPmjdyTgb5fUG5q.jpg,data\posters\action\603692_p5.jpg
603692,John Wick: Chapter 4,action,poster,6,https://image.tmdb.org/t/p/w500/8AhKrWu1gL01Kn5iCH5xURnojUW.jpg,data\posters\action\603692_p6.jpg
603692,John Wick: Chapter 4,action,poster,7,https://image.tmdb.org/t/p/w500/8CYSvYTw9tbFynivdcBcoqRWPGM.jpg,data\posters\action\603692_p7.jpg
603692,John Wick: Chapter 4,action,backdrop,0,https://image.tmdb.org/t/p/w500/7I6VUdPj6tQECNHdviJkUHD2u89.jpg,data\posters\action\603692_b0.jpg
603692,John Wick: Chapter 4,action,backdrop,1,https://image.tmdb.org/t/p/w500/fgw4rFs4XMWdJTWp1eMacHKQqbZ.jpg,data\posters\action\603692_b1.jpg
603692,John Wick: Chapter 4,action,backdrop,2,https://image.tmdb.org/t/p/w500/i8dshLvq4LE3s0v8PrkDdUyb1ae.jpg,data\posters\action\603692_b2.jpg
603692,John Wick: Chapter 4,action,backdrop,3,https://image.tmdb.org/t/p/w500/i3OTGmLNOZIo4SRQLVfLjeWegB6.jpg,data\posters\action\603692_b3.jpg
361743,Top Gun: Maverick,action,poster,0,https://image.tmdb.org/t/p/w500/n0YuM4f5lvGAP6MAW2kBIzugXnc.jpg,data\posters\action\361743_p0.jpg
361743,Top Gun: Maverick,action,poster,1,https://image.tmdb.org/t/p/w500/aJzaA8uQlF0COpvd2I7CZZeJoWg.jpg,data\posters\action\361743_p1.jpg
361743,Top Gun: Maverick,action,poster,2,https://image.tmdb.org/t/p/w500/o4dhtrJuvrmHwBe7LYJwoGVPwRq.jpg,data\posters\action\361743_p2.jpg
361743,Top Gun: Maverick,action,poster,3,https://image.tmdb.org/t/p/w500/jeGvNOVMs5QIU1VaoGvnd3gSv0G.jpg,data\posters\action\361743_p3.jpg
361743,Top Gun: Maverick,action,poster,4,https://image.tmdb.org/t/p/w500/uuwi4wwG6HAHVqaEvJDx6gI773N.jpg,data\posters\action\361743_p4.jpg
361743,Top Gun: Maverick,action,poster,5,https://image.tmdb.org/t/p/w500/pQjHWJdbkHkPcAUKSkMum6AnYqn.jpg,data\posters\action\361743_p5.jpg
361743,Top Gun: Maverick,action,poster,6,https://image.tmdb.org/t/p/w500/9eiKUlyHx5McEpL4R7A14Jo13Ep.jpg,data\posters\action\361743_p6.jpg
361743,Top Gun: Maverick,action,poster,7,https://image.tmdb.org/t/p/w500/p6s3jNR0HHaRdsK6138b7zrc3hJ.jpg,data\posters\action\361743_p7.jpg
361743,Top Gun: Maverick,action,backdrop,0,https://image.tmdb.org/t/p/w500/AaV1YIdWKnjAIAOe8UUKBFm327v.jpg,data\posters\action\361743_b0.jpg
361743,Top Gun: Maverick,action,backdrop,1,https://image.tmdb.org/t/p/w500/5AcP07WJl1VZbnloLZrMVgYjR2s.jpg,data\posters\action\361743_b1.jpg
361743,Top Gun: Maverick,action,backdrop,2,https://image.tmdb.org/t/p/w500/kBSSbN1sOiJtXjAGVZXxHJR9Kox.jpg,data\posters\action\361743_b2.jpg
361743,Top Gun: Maverick,action,backdrop,3,https://image.tmdb.org/t/p/w500/odJ4hx6g6vBt4lBWKFD1tI8WS4x.jpg,data\posters\action\361743_b3.jpg
786892,Furiosa: A Mad Max Saga,action,poster,0,https://image.tmdb.org/t/p/w500/iADOJ8Zymht2JPMoy3R7xceZprc.jpg,data\posters\action\786892_p0.jpg
786892,Furiosa: A Mad Max Saga,action,poster,1,https://image.tmdb.org/t/p/w500/tGHUlykWn9V2IIQ4ZaATIAq9VLB.jpg,data\posters\action\786892_p1.jpg
786892,Furiosa: A Mad Max Saga,action,poster,2,https://image.tmdb.org/t/p/w500/n1AkCpSi2KylD97xf1PUur3YJRk.jpg,data\posters\action\786892_p2.jpg
786892,Furiosa: A Mad Max Saga,action,poster,3,https://image.tmdb.org/t/p/w500/hbxqFdWXHeLIJfagMMhVG5SV5tb.jpg,data\posters\action\786892_p3.jpg
786892,Furiosa: A Mad Max Saga,action,poster,4,https://image.tmdb.org/t/p/w500/sFlzEPsNCeApWNPGMzhrF1970Nh.jpg,data\posters\action\786892_p4.jpg
786892,Furiosa: A Mad Max Saga,action,poster,5,https://image.tmdb.org/t/p/w500/thjawbunTiXkoqW6DG0Apl1VS4w.jpg,data\posters\action\786892_p5.jpg
786892,Furiosa: A Mad Max Saga,action,poster,6,https://image.tmdb.org/t/p/w500/5wjXP8HivlQ10BZ3A4d5OMWl4RS.jpg,data\posters\action\786892_p6.jpg
786892,Furiosa: A Mad Max Saga,action,poster,7,https://image.tmdb.org/t/p/w500/1pyWL29UkXYF2rlM2PZ339PM2QN.jpg,data\posters\action\786892_p7.jpg
786892,Furiosa: A Mad Max Saga,action,backdrop,0,https://image.tmdb.org/t/p/w500/raph7qjAGTMXaIjVxt6ZDSXRzUr.jpg,data\posters\action\786892_b0.jpg
786892,Furiosa: A Mad Max Saga,action,backdrop,1,https://image.tmdb.org/t/p/w500/wNAhuOZ3Zf84jCIlrcI6JhgmY5q.jpg,data\posters\action\786892_b1.jpg
786892,Furiosa: A Mad Max Saga,action,backdrop,2,https://image.tmdb.org/t/p/w500/3fMMpy8VGcuIhFv9xZaqv3WwFo9.jpg,data\posters\action\786892_b2.jpg
786892,Furiosa: A Mad Max Saga,action,backdrop,3,https://image.tmdb.org/t/p/w500/1sh2S5J7bTPu6LuOgS9gamkGs2J.jpg,data\posters\action\786892_b3.jpg
313369,La La Land,romance,poster,0,https://image.tmdb.org/t/p/w500/uDO8zWDhfWwoFdKS4fzkUJt0Rf0.jpg,data\posters\romance\313369_p0.jpg
313369,La La Land,romance,poster,1,https://image.tmdb.org/t/p/w500/wEOWf7ahe1yeDkng1AxIcuIXcB.jpg,data\posters\romance\313369_p1.jpg
313369,La La Land,romance,poster,2,https://image.tmdb.org/t/p/w500/yArr9VMatOTEMRZ0H1s8pNHQW78.jpg,data\posters\romance\313369_p2.jpg
313369,La La Land,romance,poster,3,https://image.tmdb.org/t/p/w500/smqPNanj1r019J5kcWB5hQHgtbQ.jpg,data\posters\romance\313369_p3.jpg
313369,La La Land,romance,poster,4,https://image.tmdb.org/t/p/w500/7pFsAaJmiOppVHcldBzg8JKBHwe.jpg,data\posters\romance\313369_p4.jpg
313369,La La Land,romance,poster,5,https://image.tmdb.org/t/p/w500/ozobdmMlse2FrQtoRhqUHCouSHL.jpg,data\posters\romance\313369_p5.jpg
313369,La La Land,romance,poster,6,https://image.tmdb.org/t/p/w500/dzF2tj1J73JuULWCMKTm4ezJ3US.jpg,data\posters\romance\313369_p6.jpg
313369,La La Land,romance,poster,7,https://image.tmdb.org/t/p/w500/hTT0e750ydaIllWCIlbvsg9BO6K.jpg,data\posters\romance\313369_p7.jpg
313369,La La Land,romance,backdrop,0,https://image.tmdb.org/t/p/w500/nlPCdZlHtRNcF6C9hzUH4ebmV1w.jpg,data\posters\romance\313369_b0.jpg
313369,La La Land,romance,backdrop,1,https://image.tmdb.org/t/p/w500/z830hvnEW6E7KyMSLRKm4HvJRhN.jpg,data\posters\romance\313369_b1.jpg
313369,La La Land,romance,backdrop,2,https://image.tmdb.org/t/p/w500/2wmDyHz4gvF6m51IQZJnJzlLsnz.jpg,data\posters\romance\313369_b2.jpg
313369,La La Land,romance,backdrop,3,https://image.tmdb.org/t/p/w500/rVRtRE6HJ5xbdo5jd9aTT8tEVaF.jpg,data\posters\romance\313369_b3.jpg
666277,Past Lives,romance,poster,0,https://image.tmdb.org/t/p/w500/k3waqVXSnvCZWfJYNtdamTgTtTA.jpg,data\posters\romance\666277_p0.jpg
666277,Past Lives,romance,poster,1,https://image.tmdb.org/t/p/w500/rzO71VFu7CpJMfF5TQNMj0d1lSV.jpg,data\posters\romance\666277_p1.jpg
666277,Past Lives,romance,poster,2,https://image.tmdb.org/t/p/w500/dTNzxbU1t3quJuvCw8E2dSS86TP.jpg,data\posters\romance\666277_p2.jpg
666277,Past Lives,romance,poster,3,https://image.tmdb.org/t/p/w500/nflfJ9IYNNMqPRHKGf9nbU6BsED.jpg,data\posters\romance\666277_p3.jpg
666277,Past Lives,romance,poster,4,https://image.tmdb.org/t/p/w500/s7MKwMaRHL5VtEcdqaCiPlsd6Mc.jpg,data\posters\romance\666277_p4.jpg
666277,Past Lives,romance,poster,5,https://image.tmdb.org/t/p/w500/gXt3eVpaBq6q9SaLDrgSnzsUyIl.jpg,data\posters\romance\666277_p5.jpg
666277,Past Lives,romance,poster,6,https://image.tmdb.org/t/p/w500/w5iXJr4kEkymkaNk2zy77d5lrhk.jpg,data\posters\romance\666277_p6.jpg
666277,Past Lives,romance,poster,7,https://image.tmdb.org/t/p/w500/wR81veZrj79VOr2mHGwUOoHmL0g.jpg,data\posters\romance\666277_p7.jpg
666277,Past Lives,romance,backdrop,0,https://image.tmdb.org/t/p/w500/7HR38hMBl23lf38MAN63y4pKsHz.jpg,data\posters\romance\666277_b0.jpg
666277,Past Lives,romance,backdrop,1,https://image.tmdb.org/t/p/w500/rron9HAuS9s7zBF8iCX1tsafxUo.jpg,data\posters\romance\666277_b1.jpg
666277,Past Lives,romance,backdrop,2,https://image.tmdb.org/t/p/w500/iJONcj9JxINueHtfvuXmQ4ddPnD.jpg,data\posters\romance\666277_b2.jpg
666277,Past Lives,romance,backdrop,3,https://image.tmdb.org/t/p/w500/38KTLu1IBUnlMcwUSpPo7eiuoV8.jpg,data\posters\romance\666277_b3.jpg
932420,Code 8 Part II,romance,poster,0,https://image.tmdb.org/t/p/w500/eqoKCd6bJ4ZY7PFnFfZDiMaQsBC.jpg,data\posters\romance\932420_p0.jpg
932420,Code 8 Part II,romance,poster,1,https://image.tmdb.org/t/p/w500/h89INyaoH16CdlT7q7BtKikIFRy.jpg,data\posters\romance\932420_p1.jpg
932420,Code 8 Part II,romance,poster,2,https://image.tmdb.org/t/p/w500/hhvMTxlTZtnCOe7YFhod9uz3m37.jpg,data\posters\romance\932420_p2.jpg
932420,Code 8 Part II,romance,poster,3,https://image.tmdb.org/t/p/w500/fM70L709QgH2WxqlWRgJKS51SsC.jpg,data\posters\romance\932420_p3.jpg
932420,Code 8 Part II,romance,poster,4,https://image.tmdb.org/t/p/w500/9Ic6MYlQk4ixhMVJHRaBEh2EvsE.jpg,data\posters\romance\932420_p4.jpg
932420,Code 8 Part II,romance,poster,5,https://image.tmdb.org/t/p/w500/vx5qU2uZNVklktKTFnQtQUqfJta.jpg,data\posters\romance\932420_p5.jpg
932420,Code 8 Part II,romance,poster,6,https://image.tmdb.org/t/p/w500/15fXIrB3CoiwaHmeUoKK1f7Ve2h.jpg,data\posters\romance\932420_p6.jpg
932420,Code 8 Part II,romance,poster,7,https://image.tmdb.org/t/p/w500/uD2RtuzjUv6d7BUxhntzlaN1Ixk.jpg,data\posters\romance\932420_p7.jpg
932420,Code 8 Part II,romance,backdrop,0,https://image.tmdb.org/t/p/w500/ekRp1sEA8pnuzVHQkUESTgNSKdW.jpg,data\posters\romance\932420_b0.jpg
932420,Code 8 Part II,romance,backdrop,1,https://image.tmdb.org/t/p/w500/hKwMOnf7I2061ZsgBqctNaqSiz3.jpg,data\posters\romance\932420_b1.jpg
932420,Code 8 Part II,romance,backdrop,2,https://image.tmdb.org/t/p/w500/E8WRF90ByDw4XlzuNrnGvWtSoq.jpg,data\posters\romance\932420_b2.jpg
932420,Code 8 Part II,romance,backdrop,3,https://image.tmdb.org/t/p/w500/kS1HTtWR3SO7wtdrGO7Evd6WMFp.jpg,data\posters\romance\932420_b3.jpg
11036,The Notebook,romance,poster,0,https://image.tmdb.org/t/p/w500/rNzQyW4f8B8cQeg7Dgj3n6eT5k9.jpg,data\posters\romance\11036_p0.jpg
11036,The Notebook,romance,poster,1,https://image.tmdb.org/t/p/w500/A07izLVyZCrmq0HTvFg6qdqiZE5.jpg,data\posters\romance\11036_p1.jpg
11036,The Notebook,romance,poster,2,https://image.tmdb.org/t/p/w500/wHdLTswrKANuo0ccZqRueMn6mNA.jpg,data\posters\romance\11036_p2.jpg
11036,The Notebook,romance,poster,3,https://image.tmdb.org/t/p/w500/pFZjrhoWGPtxQWySIxotWJYLZs0.jpg,data\posters\romance\11036_p3.jpg
11036,The Notebook,romance,poster,4,https://image.tmdb.org/t/p/w500/28HcbSyLA3SlgmXSEnt5gOPaiKH.jpg,data\posters\romance\11036_p4.jpg
11036,The Notebook,romance,poster,5,https://image.tmdb.org/t/p/w500/s4kMNZZwJ0LXnR6iHpDMfuehhHe.jpg,data\posters\romance\11036_p5.jpg
11036,The Notebook,romance,poster,6,https://image.tmdb.org/t/p/w500/ideBX5vDPECNb1sHGm16aRrBN4e.jpg,data\posters\romance\11036_p6.jpg
11036,The Notebook,romance,poster,7,https://image.tmdb.org/t/p/w500/aCcCUq9yp1O6flJsmHiEK8nPd3x.jpg,data\posters\romance\11036_p7.jpg
11036,The Notebook,romance,backdrop,0,https://image.tmdb.org/t/p/w500/zdXnJqBaGFVtLoPNuMeKfEYUViZ.jpg,data\posters\romance\11036_b0.jpg
11036,The Notebook,romance,backdrop,1,https://image.tmdb.org/t/p/w500/nmoPxT3JhMFYvWCvPuHMy1Bk8Jj.jpg,data\posters\romance\11036_b1.jpg
11036,The Notebook,romance,backdrop,2,https://image.tmdb.org/t/p/w500/5L7DHOxYnNXK6iWIIcsq7jh2Xfl.jpg,data\posters\romance\11036_b2.jpg
11036,The Notebook,romance,backdrop,3,https://image.tmdb.org/t/p/w500/qyjw1ufMF4Iv0lBp073pB4j3WPf.jpg,data\posters\romance\11036_b3.jpg
493922,Hereditary,horror,poster,0,https://image.tmdb.org/t/p/w500/5Bz0u7xEyOUnGi4ov3rZKqKYCuH.jpg,data\posters\horror\493922_p0.jpg
493922,Hereditary,horror,poster,1,https://image.tmdb.org/t/p/w500/gAbcz0riMCn9JtPgouuZFdVW3Gi.jpg,data\posters\horror\493922_p1.jpg
493922,Hereditary,horror,poster,2,https://image.tmdb.org/t/p/w500/sb1yhUpkpkHKzmGFZqeSpN4nkJV.jpg,data\posters\horror\493922_p2.jpg
493922,Hereditary,horror,poster,3,https://image.tmdb.org/t/p/w500/culcnJLPRyfwcUbCqF6KO6L1NaZ.jpg,data\posters\horror\493922_p3.jpg
493922,Hereditary,horror,poster,4,https://image.tmdb.org/t/p/w500/hjlZSXM86wJrfCv5VKfR5DI2VeU.jpg,data\posters\horror\493922_p4.jpg
493922,Hereditary,horror,poster,5,https://image.tmdb.org/t/p/w500/4GFPuL14eXi66V96xBWY73Y9PfR.jpg,data\posters\horror\493922_p5.jpg
493922,Hereditary,horror,poster,6,https://image.tmdb.org/t/p/w500/p9fmuz2Oj3HtEJEqbIwkFGUhVXD.jpg,data\posters\horror\493922_p6.jpg
493922,Hereditary,horror,poster,7,https://image.tmdb.org/t/p/w500/adPCF2ltY2moH6mApha9RilvcMO.jpg,data\posters\horror\493922_p7.jpg
493922,Hereditary,horror,backdrop,0,https://image.tmdb.org/t/p/w500/gJbTXKNTL6O7r7PzF6ZRkJGBlPp.jpg,data\posters\horror\493922_b0.jpg
493922,Hereditary,horror,backdrop,1,https://image.tmdb.org/t/p/w500/pS9Aub8MPyQbENblGD8mHeaqMuv.jpg,data\posters\horror\493922_b1.jpg
493922,Hereditary,horror,backdrop,2,https://image.tmdb.org/t/p/w500/k7zVyMERxS5NDucr0kuzqlu0f4O.jpg,data\posters\horror\493922_b2.jpg
493922,Hereditary,horror,backdrop,3,https://image.tmdb.org/t/p/w500/4DUoPZOHdPuROP4nyEIsPaMIiQl.jpg,data\posters\horror\493922_b3.jpg
419430,Get Out,horror,poster,0,https://image.tmdb.org/t/p/w500/xiMoqa0bmjuyuXYqKGwrTSJL8nI.jpg,data\posters\horror\419430_p0.jpg
419430,Get Out,horror,poster,1,https://image.tmdb.org/t/p/w500/mE24wUCfjK8AoBBjaMjho7Rczr7.jpg,data\posters\horror\419430_p1.jpg
419430,Get Out,horror,poster,2,https://image.tmdb.org/t/p/w500/tFXcEccSQMf3lfhfXKSU9iRBpa3.jpg,data\posters\horror\419430_p2.jpg
419430,Get Out,horror,poster,3,https://image.tmdb.org/t/p/w500/qbaIViX3tgWSTSFXbldq0ODMdi4.jpg,data\posters\horror\419430_p3.jpg
419430,Get Out,horror,poster,4,https://image.tmdb.org/t/p/w500/A0RoSZh8PEYJgDMgM2EV7Ycz3dR.jpg,data\posters\horror\419430_p4.jpg
419430,Get Out,horror,poster,5,https://image.tmdb.org/t/p/w500/jFmHgPS9KTqwqLak3NTsCIV0HmA.jpg,data\posters\horror\419430_p5.jpg
419430,Get Out,horror,poster,6,https://image.tmdb.org/t/p/w500/5Axrbsz7ps5RzYB7a1L8IxBSfsD.jpg,data\posters\horror\419430_p6.jpg
419430,Get Out,horror,poster,7,https://image.tmdb.org/t/p/w500/8x0Hd0jKaleJH9P6ErL2nqnRO8Y.jpg,data\posters\horror\419430_p7.jpg
419430,Get Out,horror,backdrop,0,https://image.tmdb.org/t/p/w500/o8dPH0ZSIyyViP6rjRX1djwCUwI.jpg,data\posters\horror\419430_b0.jpg
419430,Get Out,horror,backdrop,1,https://image.tmdb.org/t/p/w500/bBQHALHRAaaORlPNXv7fNcRXYdx.jpg,data\posters\horror\419430_b1.jpg
419430,Get Out,horror,backdrop,2,https://image.tmdb.org/t/p/w500/vZ7EVk7FaNEWYqlVWbFLHP8Z0LU.jpg,data\posters\horror\419430_b2.jpg
419430,Get Out,horror,backdrop,3,https://image.tmdb.org/t/p/w500/jDXOmBG97WOlT5iog0kxMBShDTN.jpg,data\posters\horror\419430_b3.jpg
882598,Smile,horror,poster,0,https://image.tmdb.org/t/p/w500/aPqcQwu4VGEewPhagWNncDbJ9Xp.jpg,data\posters\horror\882598_p0.jpg
882598,Smile,horror,poster,1,https://image.tmdb.org/t/p/w500/8N0iBACfSpUK6d6eR931dotY1wq.jpg,data\posters\horror\882598_p1.jpg
882598,Smile,horror,poster,2,https://image.tmdb.org/t/p/w500/szII7Fo0TWePGNI7CoWnAdESdZ5.jpg,data\posters\horror\882598_p2.jpg
882598,Smile,horror,poster,3,https://image.tmdb.org/t/p/w500/67Myda9zANAnlS54rRjQF4dHNNG.jpg,data\posters\horror\882598_p3.jpg
882598,Smile,horror,poster,4,https://image.tmdb.org/t/p/w500/3kbtoJw6ZN0UUQhSuiRbAatr2kV.jpg,data\posters\horror\882598_p4.jpg
882598,Smile,horror,poster,5,https://image.tmdb.org/t/p/w500/1oIPdaes7UJrFPVeEFF7vQAC8fx.jpg,data\posters\horror\882598_p5.jpg
882598,Smile,horror,poster,6,https://image.tmdb.org/t/p/w500/yCgapMsYiNIpBvzYRKyrI2K3K8D.jpg,data\posters\horror\882598_p6.jpg
882598,Smile,horror,poster,7,https://image.tmdb.org/t/p/w500/hiaeZKzwsk4y4atFhmncO5KRxeT.jpg,data\posters\horror\882598_p7.jpg
882598,Smile,horror,backdrop,0,https://image.tmdb.org/t/p/w500/kMZIMqEXO5MFd5Y1Ha2jZZF4pvF.jpg,data\posters\horror\882598_b0.jpg
882598,Smile,horror,backdrop,1,https://image.tmdb.org/t/p/w500/ev0PWpXvWWoWsg69hOcXjZs2Ayn.jpg,data\posters\horror\882598_b1.jpg
882598,Smile,horror,backdrop,2,https://image.tmdb.org/t/p/w500/mVNPfpydornVe4H4UCIk7WevWjf.jpg,data\posters\horror\882598_b2.jpg
882598,Smile,horror,backdrop,3,https://image.tmdb.org/t/p/w500/s8SVbEmbUhGVRJOCF1C5CPm9m7o.jpg,data\posters\horror\882598_b3.jpg
1008042,Talk to Me,horror,poster,0,https://image.tmdb.org/t/p/w500/kdPMUMJzyYAc4roD52qavX0nLIC.jpg,data\posters\horror\1008042_p0.jpg
1008042,Talk to Me,horror,poster,1,https://image.tmdb.org/t/p/w500/kw0Hegzpg08v37nRcmczCvqpl7d.jpg,data\posters\horror\1008042_p1.jpg
1008042,Talk to Me,horror,poster,2,https://image.tmdb.org/t/p/w500/mG4CMCC7eSMRNpmWYnBGYW4Rxhv.jpg,data\posters\horror\1008042_p2.jpg
1008042,Talk to Me,horror,poster,3,https://image.tmdb.org/t/p/w500/nAhSa8D0hDIgFpKW5ah27tjbTYK.jpg,data\posters\horror\1008042_p3.jpg
1008042,Talk to Me,horror,poster,4,https://image.tmdb.org/t/p/w500/j9B0UK96y4aGfAaaH8duGRGNpNT.jpg,data\posters\horror\1008042_p4.jpg
1008042,Talk to Me,horror,poster,5,https://image.tmdb.org/t/p/w500/52QUAmeReW1W1MaFWbhDJELrGRb.jpg,data\posters\horror\1008042_p5.jpg
1008042,Talk to Me,horror,poster,6,https://image.tmdb.org/t/p/w500/uPSthtiPU1gRK55Szjex31R4fmU.jpg,data\posters\horror\1008042_p6.jpg
1008042,Talk to Me,horror,poster,7,https://image.tmdb.org/t/p/w500/uwmC1GeXVoNepRIH5EBe6HmDtnE.jpg,data\posters\horror\1008042_p7.jpg
1008042,Talk to Me,horror,backdrop,0,https://image.tmdb.org/t/p/w500/bIKgebhTJCc1hqnnb1Pvm0OfI0Q.jpg,data\posters\horror\1008042_b0.jpg
1008042,Talk to Me,horror,backdrop,1,https://image.tmdb.org/t/p/w500/xcgn9W9VcneOipDLZarLIS8qcGB.jpg,data\posters\horror\1008042_b1.jpg
1008042,Talk to Me,horror,backdrop,2,https://image.tmdb.org/t/p/w500/7Cpi0a1Jrl9tIuqdFW0wedpQf3S.jpg,data\posters\horror\1008042_b2.jpg
1008042,Talk to Me,horror,backdrop,3,https://image.tmdb.org/t/p/w500/46Os8U0DEPmI0OnvKDxucl6SLVZ.jpg,data\posters\horror\1008042_b3.jpg
